timestamp,unit_id,unit_type,empire_or_resistance,location_x,location_y,destination_x,destination_y,homeworld
2025-07-08 16:39:03,1,stormtrooper,resistance,9,1,5,3,Chandrila
2025-07-08 16:39:02,2,at-at,empire,3,1,5,7,Toydaria
2025-07-08 16:39:01,3,resistance_soldier,empire,8,1,1,10,Glee Anselm
2025-07-08 16:39:00,4,x-wing,resistance,7,4,9,1,Champala
2025-07-08 16:38:59,5,at-at,resistance,8,4,9,4,Sullust
2025-07-08 16:38:58,6,unknown,empire,3,1,1,5,Tholoth
2025-07-08 16:38:57,7,at-at,resistance,3,8,3,3,Champala
2025-07-08 16:38:56,8,stormtrooper,empire,2,4,6,3,Tholoth
2025-07-08 16:38:55,9,resistance_soldier,resistance,3,7,6,7,Serenno
2025-07-08 16:38:54,10,at-at,resistance,8,9,6,2,Bestine IV
2025-07-08 16:38:53,11,resistance_soldier,resistance,3,8,9,4,Tund
2025-07-08 16:38:52,12,x-wing,resistance,2,4,1,1,Naboo
2025-07-08 16:38:51,13,resistance_soldier,resistance,6,6,8,1,Chandrila
2025-07-08 16:38:50,14,tie_silencer,empire,5,8,6,2,Zolan
2025-07-08 16:38:49,15,at-at,empire,9,6,7,8,Stewjon
2025-07-08 16:38:48,16,at-at,empire,4,1,5,7,Vulpter
2025-07-08 16:38:47,17,at-at,empire,9,7,6,4,Dorin
2025-07-08 16:38:46,18,tie_fighter,resistance,4,6,9,6,Kalee
2025-07-08 16:38:45,19,at-at,resistance,8,1,3,9,Iktotch
2025-07-08 16:38:44,20,at-at,empire,9,1,1,1,Kalee
2025-07-08 16:38:43,21,resistance_soldier,empire,3,9,6,6,Mon Cala
2025-07-08 16:38:42,22,at-at,resistance,6,10,3,4,Ryloth
2025-07-08 16:38:41,23,unknown,resistance,5,6,4,3,Champala
2025-07-08 16:38:40,24,resistance_soldier,empire,5,7,6,4,Serenno
2025-07-08 16:38:39,25,tie_fighter,empire,5,5,9,3,Tund
2025-07-08 16:38:38,26,x-wing,resistance,6,10,9,2,Iridonia
2025-07-08 16:38:37,27,at-at,resistance,6,9,7,2,Aleen Minor
2025-07-08 16:38:36,28,tie_silencer,resistance,5,3,3,1,Alderaan
2025-07-08 16:38:35,29,at-at,resistance,5,5,4,1,Sullust
2025-07-08 16:38:34,30,stormtrooper,empire,4,7,10,2,Trandosha
2025-07-08 16:38:33,31,at-at,resistance,7,1,9,9,Mon Cala
2025-07-08 16:38:32,32,unknown,empire,8,2,10,8,Corellia
2025-07-08 16:38:31,33,resistance_soldier,resistance,2,4,8,7,Alderaan
2025-07-08 16:38:30,34,stormtrooper,resistance,5,8,3,8,Eriadu
2025-07-08 16:38:29,35,unknown,empire,7,10,10,2,Toydaria
2025-07-08 16:38:28,36,tie_silencer,resistance,6,5,5,1,Tatooine
2025-07-08 16:38:27,37,x-wing,resistance,5,4,1,5,Eriadu
2025-07-08 16:38:26,38,tie_silencer,resistance,4,4,2,7,Socorro
2025-07-08 16:38:25,39,unknown,resistance,8,8,8,9,Kalee
2025-07-08 16:38:24,40,resistance_soldier,empire,1,1,7,10,Quermia
2025-07-08 16:38:23,41,at-at,resistance,4,3,6,6,Eriadu
2025-07-08 16:38:22,42,stormtrooper,empire,6,2,4,8,Bestine IV
2025-07-08 16:38:21,43,at-st,resistance,8,3,4,3,Shili
2025-07-08 16:38:20,44,tie_fighter,empire,8,3,9,10,Stewjon
2025-07-08 16:38:19,45,stormtrooper,resistance,3,10,1,10,Iktotch
2025-07-08 16:38:18,46,x-wing,empire,7,2,7,6,Ojom
2025-07-08 16:38:17,47,tie_fighter,resistance,6,9,3,3,Chandrila
2025-07-08 16:38:16,48,unknown,empire,7,9,5,9,Skako
2025-07-08 16:38:15,49,unknown,empire,10,5,1,3,Corellia
2025-07-08 16:38:14,50,tie_fighter,empire,8,9,1,1,Dagobah
2025-07-08 16:38:13,51,tie_silencer,resistance,2,5,7,7,Zolan
2025-07-08 16:38:12,52,at-at,empire,5,3,7,10,Dorin
2025-07-08 16:38:11,53,stormtrooper,resistance,3,9,10,8,Vulpter
2025-07-08 16:38:10,54,at-st,resistance,1,3,8,7,Glee Anselm
2025-07-08 16:38:09,55,at-st,resistance,9,4,1,10,Bestine IV
2025-07-08 16:38:08,56,at-st,empire,5,8,1,9,Quermia
2025-07-08 16:38:07,57,stormtrooper,resistance,6,4,3,1,Iridonia
2025-07-08 16:38:06,58,x-wing,resistance,2,9,2,9,Naboo
2025-07-08 16:38:05,59,unknown,resistance,9,6,9,2,Ryloth
2025-07-08 16:38:04,60,stormtrooper,resistance,2,5,10,8,Haruun Kal
2025-07-08 16:38:03,61,x-wing,empire,7,6,5,4,Vulpter
2025-07-08 16:38:02,62,unknown,resistance,3,4,1,3,Ryloth
2025-07-08 16:38:01,63,stormtrooper,empire,6,1,8,7,Stewjon
2025-07-08 16:38:00,64,resistance_soldier,resistance,5,1,7,4,Alderaan
2025-07-08 16:37:59,65,at-at,empire,1,3,3,1,Haruun Kal
2025-07-08 16:37:58,66,tie_silencer,empire,9,9,7,9,Champala
2025-07-08 16:37:57,67,at-at,empire,10,1,2,7,Stewjon
2025-07-08 16:37:56,68,unknown,resistance,3,2,1,10,Tatooine
2025-07-08 16:37:55,69,resistance_soldier,resistance,6,9,2,1,Socorro
2025-07-08 16:37:54,70,tie_fighter,resistance,2,1,3,8,Shili
2025-07-08 16:37:53,71,stormtrooper,empire,2,2,1,3,Trandosha
2025-07-08 16:37:52,72,at-at,resistance,1,10,9,6,Dathomir
2025-07-08 16:37:51,73,at-at,empire,3,10,10,6,Vulpter
2025-07-08 16:37:50,74,x-wing,resistance,8,6,3,9,Iktotch
2025-07-08 16:37:49,75,at-at,empire,2,3,5,1,Shili
2025-07-08 16:37:48,76,tie_silencer,empire,3,8,6,5,Chandrila
2025-07-08 16:37:47,77,stormtrooper,empire,1,6,4,8,Concord Dawn
2025-07-08 16:37:46,78,at-at,empire,1,1,3,8,Tund
2025-07-08 16:37:45,79,at-at,empire,1,10,1,3,Muunilinst
2025-07-08 16:37:44,80,at-st,empire,4,2,5,3,Stewjon
2025-07-08 16:37:43,81,resistance_soldier,empire,6,8,6,6,Vulpter
2025-07-08 16:37:42,82,unknown,empire,10,9,4,10,Socorro
2025-07-08 16:37:41,83,tie_fighter,resistance,2,1,4,10,Quermia
2025-07-08 16:37:40,84,unknown,resistance,3,2,9,6,Iridonia
2025-07-08 16:37:39,85,stormtrooper,empire,3,7,10,10,Eriadu
2025-07-08 16:37:38,86,at-st,resistance,5,5,2,1,Bestine IV
2025-07-08 16:37:37,87,at-st,resistance,6,4,6,4,Ojom
2025-07-08 16:37:36,88,at-at,empire,9,6,2,5,Corellia
2025-07-08 16:37:35,89,resistance_soldier,empire,6,8,8,3,Tatooine
2025-07-08 16:37:34,90,at-at,empire,3,6,10,4,Dorin
2025-07-08 16:37:33,91,at-st,empire,9,6,4,5,Champala
2025-07-08 16:37:32,92,resistance_soldier,resistance,10,9,4,6,Kalee
2025-07-08 16:37:31,93,tie_fighter,resistance,4,10,10,6,Cerea
2025-07-08 16:37:30,94,resistance_soldier,resistance,6,10,10,10,Ojom
2025-07-08 16:37:29,95,tie_silencer,empire,1,8,8,4,Trandosha
2025-07-08 16:37:28,96,resistance_soldier,resistance,5,1,3,6,Iridonia
2025-07-08 16:37:27,97,tie_fighter,resistance,9,5,1,1,Rodia
2025-07-08 16:37:26,98,at-st,resistance,5,4,7,8,Dorin
2025-07-08 16:37:25,99,resistance_soldier,resistance,10,7,8,6,Dathomir
2025-07-08 16:37:24,100,tie_silencer,empire,5,9,7,8,Socorro
2025-07-08 16:37:23,101,tie_silencer,empire,9,8,8,9,Tholoth
2025-07-08 16:37:22,102,at-st,empire,10,3,3,5,Corellia
2025-07-08 16:37:21,103,x-wing,empire,1,2,1,2,Trandosha
2025-07-08 16:37:20,104,at-st,resistance,1,10,8,9,Skako
2025-07-08 16:37:19,105,at-at,resistance,9,9,4,10,Alderaan
2025-07-08 16:37:18,106,resistance_soldier,resistance,5,2,6,9,Shili
2025-07-08 16:37:17,107,stormtrooper,empire,7,6,8,8,Mirial
2025-07-08 16:37:16,108,unknown,resistance,9,9,6,7,Rodia
2025-07-08 16:37:15,109,at-st,empire,9,6,2,3,Tholoth
2025-07-08 16:37:14,110,resistance_soldier,empire,5,3,3,6,Serenno
2025-07-08 16:37:13,111,at-st,empire,1,6,8,1,Quermia
2025-07-08 16:37:12,112,x-wing,resistance,7,5,3,4,Rodia
2025-07-08 16:37:11,113,unknown,resistance,4,9,1,6,Troiken
2025-07-08 16:37:10,114,tie_fighter,resistance,4,5,10,9,Kashyyyk
2025-07-08 16:37:09,115,tie_silencer,empire,8,2,1,7,Malastare
2025-07-08 16:37:08,116,unknown,empire,10,8,1,9,Tatooine
2025-07-08 16:37:07,117,resistance_soldier,resistance,6,5,10,9,Mirial
2025-07-08 16:37:06,118,unknown,resistance,2,3,3,3,Champala
2025-07-08 16:37:05,119,at-st,empire,7,5,9,8,Concord Dawn
2025-07-08 16:37:04,120,stormtrooper,empire,7,3,6,8,Haruun Kal
2025-07-08 16:37:03,121,stormtrooper,empire,6,8,2,8,Zolan
2025-07-08 16:37:02,122,at-at,empire,10,3,2,5,Toydaria
2025-07-08 16:37:01,123,tie_silencer,resistance,9,9,8,3,Shili
2025-07-08 16:37:00,124,at-st,empire,2,6,3,3,Corellia
2025-07-08 16:36:59,125,resistance_soldier,empire,3,1,4,3,Dorin
2025-07-08 16:36:58,126,at-st,resistance,10,5,3,2,Dorin
2025-07-08 16:36:57,127,stormtrooper,resistance,8,10,7,3,Troiken
2025-07-08 16:36:56,128,resistance_soldier,empire,5,4,9,2,Malastare
2025-07-08 16:36:55,129,at-st,empire,5,10,4,7,Muunilinst
2025-07-08 16:36:54,130,at-st,empire,2,5,9,5,Glee Anselm
2025-07-08 16:36:53,131,unknown,empire,8,3,7,9,Ojom
2025-07-08 16:36:52,132,x-wing,resistance,9,8,5,5,Mon Cala
2025-07-08 16:36:51,133,at-st,resistance,6,6,4,6,Iridonia
2025-07-08 16:36:50,134,at-at,resistance,9,9,8,3,Umbara
2025-07-08 16:36:49,135,resistance_soldier,empire,1,4,2,4,Ryloth
2025-07-08 16:36:48,136,at-at,resistance,6,4,5,7,Quermia
2025-07-08 16:36:47,137,x-wing,empire,4,2,7,2,Toydaria
2025-07-08 16:36:46,138,stormtrooper,empire,6,4,7,8,Cerea
2025-07-08 16:36:45,139,stormtrooper,empire,6,10,9,5,Ojom
2025-07-08 16:36:44,140,tie_silencer,empire,8,8,4,8,Serenno
2025-07-08 16:36:43,141,tie_silencer,empire,1,5,4,10,Dathomir
2025-07-08 16:36:42,142,resistance_soldier,resistance,6,2,3,6,Glee Anselm
2025-07-08 16:36:41,143,at-at,resistance,4,3,10,8,Eriadu
2025-07-08 16:36:40,144,tie_fighter,resistance,7,1,9,6,Zolan
2025-07-08 16:36:39,145,x-wing,resistance,7,9,10,4,Iridonia
2025-07-08 16:36:38,146,resistance_soldier,resistance,8,8,9,10,Bestine IV
2025-07-08 16:36:37,147,stormtrooper,empire,3,6,2,5,Aleen Minor
2025-07-08 16:36:36,148,at-at,resistance,6,2,1,9,Iridonia
2025-07-08 16:36:35,149,resistance_soldier,empire,10,8,10,7,Tatooine
2025-07-08 16:36:34,150,unknown,empire,1,4,9,4,Dorin
2025-07-08 16:36:33,151,tie_silencer,resistance,3,6,10,6,Aleen Minor
2025-07-08 16:36:32,152,unknown,empire,4,7,9,10,Serenno
2025-07-08 16:36:31,153,stormtrooper,resistance,1,6,4,8,Ryloth
2025-07-08 16:36:30,154,at-at,resistance,7,9,8,2,Tund
2025-07-08 16:36:29,155,unknown,resistance,3,3,5,5,Eriadu
2025-07-08 16:36:28,156,at-at,empire,1,9,4,8,Stewjon
2025-07-08 16:36:27,157,unknown,empire,2,5,8,3,Stewjon
2025-07-08 16:36:26,158,stormtrooper,resistance,1,6,9,1,Aleen Minor
2025-07-08 16:36:25,159,resistance_soldier,resistance,1,5,6,7,Iktotch
2025-07-08 16:36:24,160,resistance_soldier,empire,10,10,7,9,Rodia
2025-07-08 16:36:23,161,resistance_soldier,empire,3,5,9,3,Eriadu
2025-07-08 16:36:22,162,at-at,resistance,6,9,5,4,Rodia
2025-07-08 16:36:21,163,tie_silencer,empire,8,9,10,9,Trandosha
2025-07-08 16:36:20,164,x-wing,empire,8,4,6,2,Muunilinst
2025-07-08 16:36:19,165,tie_fighter,resistance,7,10,1,4,Quermia
2025-07-08 16:36:18,166,resistance_soldier,resistance,2,9,6,2,Cerea
2025-07-08 16:36:17,167,at-st,resistance,7,7,3,9,Dathomir
2025-07-08 16:36:16,168,at-st,resistance,3,2,3,10,Glee Anselm
2025-07-08 16:36:15,169,resistance_soldier,resistance,1,4,7,5,Glee Anselm
2025-07-08 16:36:14,170,stormtrooper,empire,7,10,3,3,Trandosha
2025-07-08 16:36:13,171,unknown,resistance,6,6,2,1,Cerea
2025-07-08 16:36:12,172,stormtrooper,empire,6,1,2,7,Tholoth
2025-07-08 16:36:11,173,at-st,empire,1,2,2,3,Shili
2025-07-08 16:36:10,174,tie_silencer,resistance,6,8,5,3,Cerea
2025-07-08 16:36:09,175,tie_silencer,resistance,7,7,3,1,Toydaria
2025-07-08 16:36:08,176,resistance_soldier,resistance,5,8,6,7,Serenno
2025-07-08 16:36:07,177,tie_fighter,empire,5,1,10,7,Toydaria
2025-07-08 16:36:06,178,at-at,empire,3,9,8,3,Kalee
2025-07-08 16:36:05,179,tie_fighter,resistance,3,2,10,3,Ryloth
2025-07-08 16:36:04,180,tie_fighter,resistance,1,8,4,9,Cerea
2025-07-08 16:36:03,181,at-st,empire,10,8,4,4,Concord Dawn
2025-07-08 16:36:02,182,tie_silencer,empire,7,10,8,2,Dagobah
2025-07-08 16:36:01,183,x-wing,empire,3,2,8,6,Bestine IV
2025-07-08 16:36:00,184,unknown,empire,3,4,8,9,Haruun Kal
2025-07-08 16:35:59,185,resistance_soldier,empire,9,6,7,9,Toydaria
2025-07-08 16:35:58,186,unknown,empire,1,4,9,6,Skako
2025-07-08 16:35:57,187,tie_silencer,empire,6,6,5,10,Eriadu
2025-07-08 16:35:56,188,at-st,empire,6,8,5,9,Eriadu
2025-07-08 16:35:55,189,at-st,empire,5,5,1,3,Naboo
2025-07-08 16:35:54,190,stormtrooper,empire,5,8,4,1,Tund
2025-07-08 16:35:53,191,tie_fighter,empire,9,6,9,1,Serenno
2025-07-08 16:35:52,192,tie_silencer,resistance,9,5,1,4,Skako
2025-07-08 16:35:51,193,at-st,resistance,7,5,8,9,Aleen Minor
2025-07-08 16:35:50,194,x-wing,empire,7,6,3,3,Shili
2025-07-08 16:35:49,195,x-wing,empire,7,3,4,4,Toydaria
2025-07-08 16:35:48,196,x-wing,resistance,5,9,4,6,Aleen Minor
2025-07-08 16:35:47,197,stormtrooper,resistance,3,9,3,6,Kashyyyk
2025-07-08 16:35:46,198,stormtrooper,resistance,9,9,5,1,Aleen Minor
2025-07-08 16:35:45,199,at-st,empire,5,6,9,6,Iktotch
2025-07-08 16:35:44,200,resistance_soldier,resistance,9,7,6,9,Cerea
2025-07-08 16:35:43,201,tie_silencer,empire,6,9,4,9,Dagobah
2025-07-08 16:35:42,202,stormtrooper,empire,5,10,2,9,Troiken
2025-07-08 16:35:41,203,tie_fighter,empire,2,1,1,1,Malastare
2025-07-08 16:35:40,204,unknown,resistance,4,1,10,2,Mon Cala
2025-07-08 16:35:39,205,unknown,resistance,3,1,4,5,Socorro
2025-07-08 16:35:38,206,unknown,resistance,7,2,10,10,Iktotch
2025-07-08 16:35:37,207,stormtrooper,resistance,6,3,6,1,Tund
2025-07-08 16:35:36,208,unknown,resistance,8,5,6,4,Glee Anselm
2025-07-08 16:35:35,209,stormtrooper,empire,8,6,7,4,Eriadu
2025-07-08 16:35:34,210,resistance_soldier,resistance,8,2,6,10,Haruun Kal
2025-07-08 16:35:33,211,x-wing,resistance,6,9,3,9,Alderaan
2025-07-08 16:35:32,212,x-wing,empire,2,10,8,8,Rodia
2025-07-08 16:35:31,213,tie_silencer,empire,8,2,6,1,Tund
2025-07-08 16:35:30,214,x-wing,empire,9,10,8,10,Tatooine
2025-07-08 16:35:29,215,tie_silencer,empire,3,5,1,1,Aleen Minor
2025-07-08 16:35:28,216,resistance_soldier,resistance,7,8,2,3,Ryloth
2025-07-08 16:35:27,217,unknown,empire,2,5,2,4,Quermia
2025-07-08 16:35:26,218,tie_fighter,resistance,4,1,4,4,Glee Anselm
2025-07-08 16:35:25,219,tie_fighter,resistance,7,8,3,9,Ojom
2025-07-08 16:35:24,220,resistance_soldier,resistance,8,4,9,5,Troiken
2025-07-08 16:35:23,221,tie_fighter,resistance,5,8,9,9,Sullust
2025-07-08 16:35:22,222,tie_silencer,resistance,6,1,9,6,Umbara
2025-07-08 16:35:21,223,at-st,empire,6,3,6,4,Skako
2025-07-08 16:35:20,224,at-st,empire,6,9,5,5,Zolan
2025-07-08 16:35:19,225,tie_fighter,resistance,10,6,1,4,Cerea
2025-07-08 16:35:18,226,stormtrooper,empire,4,2,5,7,Troiken
2025-07-08 16:35:17,227,tie_fighter,empire,10,7,1,7,Toydaria
2025-07-08 16:35:16,228,at-at,resistance,7,3,5,8,Tatooine
2025-07-08 16:35:15,229,x-wing,empire,4,4,10,6,Tholoth
2025-07-08 16:35:14,230,at-at,empire,6,10,3,1,Corellia
2025-07-08 16:35:13,231,tie_fighter,empire,4,9,7,10,Malastare
2025-07-08 16:35:12,232,at-at,resistance,10,6,4,9,Shili
2025-07-08 16:35:11,233,at-st,resistance,10,9,5,8,Kalee
2025-07-08 16:35:10,234,resistance_soldier,resistance,5,8,7,2,Alderaan
2025-07-08 16:35:09,235,at-st,empire,1,4,5,1,Ojom
2025-07-08 16:35:08,236,x-wing,empire,8,7,9,7,Skako
2025-07-08 16:35:07,237,unknown,resistance,6,3,10,2,Aleen Minor
2025-07-08 16:35:06,238,at-st,resistance,4,9,5,3,Ryloth
2025-07-08 16:35:05,239,stormtrooper,empire,9,9,9,5,Vulpter
2025-07-08 16:35:04,240,stormtrooper,empire,10,2,9,3,Aleen Minor
2025-07-08 16:35:03,241,at-st,empire,6,10,9,6,Toydaria
2025-07-08 16:35:02,242,at-at,resistance,3,9,6,4,Alderaan
2025-07-08 16:35:01,243,x-wing,resistance,10,10,4,9,Vulpter
2025-07-08 16:35:00,244,at-st,empire,9,10,2,6,Vulpter
2025-07-08 16:34:59,245,unknown,empire,7,7,8,6,Dagobah
2025-07-08 16:34:58,246,resistance_soldier,resistance,2,1,10,10,Shili
2025-07-08 16:34:57,247,resistance_soldier,empire,6,3,7,6,Ojom
2025-07-08 16:34:56,248,at-at,empire,2,10,9,2,Tholoth
2025-07-08 16:34:55,249,unknown,resistance,7,2,10,9,Kalee
2025-07-08 16:34:54,250,unknown,empire,4,3,9,10,Haruun Kal
2025-07-08 16:34:53,251,x-wing,empire,3,1,1,9,Naboo
2025-07-08 16:34:52,252,x-wing,empire,3,5,10,8,Dagobah
2025-07-08 16:34:51,253,resistance_soldier,resistance,4,10,5,4,Iktotch
2025-07-08 16:34:50,254,unknown,empire,4,10,8,9,Champala
2025-07-08 16:34:49,255,at-at,resistance,6,3,6,3,Rodia
2025-07-08 16:34:48,256,unknown,empire,1,6,8,4,Corellia
2025-07-08 16:34:47,257,resistance_soldier,resistance,9,9,3,1,Dagobah
2025-07-08 16:34:46,258,x-wing,empire,10,3,9,3,Dagobah
2025-07-08 16:34:45,259,at-at,resistance,10,6,2,3,Alderaan
2025-07-08 16:34:44,260,at-st,resistance,8,10,8,3,Sullust
2025-07-08 16:34:43,261,at-at,resistance,6,9,4,8,Alderaan
2025-07-08 16:34:42,262,stormtrooper,resistance,10,5,10,4,Serenno
2025-07-08 16:34:41,263,resistance_soldier,empire,1,5,6,3,Umbara
2025-07-08 16:34:40,264,at-st,empire,9,10,2,1,Cerea
2025-07-08 16:34:39,265,resistance_soldier,empire,3,9,5,3,Ojom
2025-07-08 16:34:38,266,unknown,resistance,5,2,2,2,Naboo
2025-07-08 16:34:37,267,at-at,empire,3,10,4,5,Dagobah
2025-07-08 16:34:36,268,x-wing,empire,6,3,2,6,Trandosha
2025-07-08 16:34:35,269,at-at,empire,6,2,6,4,Serenno
2025-07-08 16:34:34,270,at-st,resistance,7,3,3,5,Naboo
2025-07-08 16:34:33,271,at-st,empire,2,10,2,2,Mirial
2025-07-08 16:34:32,272,x-wing,empire,2,9,4,6,Haruun Kal
2025-07-08 16:34:31,273,at-at,empire,7,7,8,7,Eriadu
2025-07-08 16:34:30,274,unknown,empire,5,2,8,8,Concord Dawn
2025-07-08 16:34:29,275,tie_fighter,resistance,2,2,10,7,Shili
2025-07-08 16:34:28,276,x-wing,empire,9,8,5,2,Mirial
2025-07-08 16:34:27,277,resistance_soldier,resistance,8,2,7,5,Alderaan
2025-07-08 16:34:26,278,tie_silencer,resistance,8,7,7,6,Rodia
2025-07-08 16:34:25,279,x-wing,empire,10,9,5,4,Dagobah
2025-07-08 16:34:24,280,stormtrooper,empire,10,7,5,8,Concord Dawn
2025-07-08 16:34:23,281,resistance_soldier,empire,6,9,4,5,Serenno
2025-07-08 16:34:22,282,stormtrooper,empire,7,9,1,10,Ojom
2025-07-08 16:34:21,283,tie_silencer,resistance,10,10,5,2,Corellia
2025-07-08 16:34:20,284,at-at,resistance,7,4,9,7,Naboo
2025-07-08 16:34:19,285,stormtrooper,resistance,5,8,2,1,Socorro
2025-07-08 16:34:18,286,stormtrooper,empire,7,1,1,3,Kalee
2025-07-08 16:34:17,287,stormtrooper,resistance,9,4,5,3,Naboo
2025-07-08 16:34:16,288,x-wing,empire,1,7,4,1,Zolan
2025-07-08 16:34:15,289,tie_silencer,empire,6,9,1,3,Vulpter
2025-07-08 16:34:14,290,stormtrooper,resistance,10,1,5,4,Cerea
2025-07-08 16:34:13,291,stormtrooper,empire,1,1,7,10,Trandosha
2025-07-08 16:34:12,292,resistance_soldier,empire,2,5,9,6,Trandosha
2025-07-08 16:34:11,293,at-st,empire,7,4,1,2,Concord Dawn
2025-07-08 16:34:10,294,resistance_soldier,empire,6,2,10,3,Mirial
2025-07-08 16:34:09,295,at-at,empire,2,5,10,5,Iktotch
2025-07-08 16:34:08,296,at-at,resistance,7,5,5,7,Zolan
2025-07-08 16:34:07,297,at-st,empire,1,7,2,7,Shili
2025-07-08 16:34:06,298,tie_silencer,resistance,6,1,10,8,Ryloth
2025-07-08 16:34:05,299,tie_silencer,empire,5,5,6,8,Iktotch
2025-07-08 16:34:04,300,at-st,empire,8,6,3,3,Vulpter
2025-07-08 16:34:03,301,x-wing,resistance,10,2,2,10,Bestine IV
2025-07-08 16:34:02,302,at-st,empire,4,3,2,9,Ojom
2025-07-08 16:34:01,303,resistance_soldier,resistance,7,3,1,5,Malastare
2025-07-08 16:34:00,304,x-wing,resistance,9,9,1,6,Ryloth
2025-07-08 16:33:59,305,stormtrooper,resistance,1,7,8,7,Sullust
2025-07-08 16:33:58,306,unknown,resistance,3,6,3,2,Sullust
2025-07-08 16:33:57,307,at-at,empire,4,3,10,3,Tund
2025-07-08 16:33:56,308,at-st,empire,6,5,5,6,Rodia
2025-07-08 16:33:55,309,unknown,empire,7,10,7,10,Malastare
2025-07-08 16:33:54,310,unknown,empire,9,3,10,6,Dorin
2025-07-08 16:33:53,311,x-wing,resistance,10,1,7,9,Iridonia
2025-07-08 16:33:52,312,unknown,resistance,4,9,9,2,Vulpter
2025-07-08 16:33:51,313,stormtrooper,empire,7,5,5,5,Stewjon
2025-07-08 16:33:50,314,at-at,resistance,8,3,2,9,Shili
2025-07-08 16:33:49,315,x-wing,empire,4,5,3,5,Ojom
2025-07-08 16:33:48,316,unknown,resistance,2,6,1,6,Corellia
2025-07-08 16:33:47,317,at-at,empire,5,1,9,4,Naboo
2025-07-08 16:33:46,318,tie_silencer,empire,3,8,9,4,Dagobah
2025-07-08 16:33:45,319,stormtrooper,resistance,5,3,9,2,Umbara
2025-07-08 16:33:44,320,stormtrooper,resistance,5,3,10,6,Iktotch
2025-07-08 16:33:43,321,at-st,resistance,9,5,8,7,Ryloth
2025-07-08 16:33:42,322,stormtrooper,resistance,6,1,10,6,Mon Cala
2025-07-08 16:33:41,323,stormtrooper,resistance,2,6,4,2,Iridonia
2025-07-08 16:33:40,324,tie_fighter,empire,5,2,10,3,Tund
2025-07-08 16:33:39,325,at-at,empire,4,6,4,10,Quermia
2025-07-08 16:33:38,326,tie_silencer,resistance,8,2,5,8,Mon Cala
2025-07-08 16:33:37,327,tie_silencer,empire,8,6,7,1,Toydaria
2025-07-08 16:33:36,328,x-wing,empire,5,10,9,5,Dagobah
2025-07-08 16:33:35,329,at-at,resistance,4,2,5,9,Tatooine
2025-07-08 16:33:34,330,x-wing,resistance,1,4,10,9,Socorro
2025-07-08 16:33:33,331,tie_fighter,empire,8,3,9,3,Eriadu
2025-07-08 16:33:32,332,unknown,empire,7,5,9,8,Tholoth
2025-07-08 16:33:31,333,resistance_soldier,resistance,2,10,2,2,Iridonia
2025-07-08 16:33:30,334,unknown,resistance,7,8,5,9,Iridonia
2025-07-08 16:33:29,335,tie_silencer,resistance,2,9,10,10,Champala
2025-07-08 16:33:28,336,x-wing,resistance,2,9,7,10,Sullust
2025-07-08 16:33:27,337,at-at,resistance,10,8,5,6,Dorin
2025-07-08 16:33:26,338,unknown,empire,10,4,9,6,Skako
2025-07-08 16:33:25,339,unknown,empire,10,9,4,5,Zolan
2025-07-08 16:33:24,340,x-wing,empire,6,5,2,5,Eriadu
2025-07-08 16:33:23,341,at-at,empire,4,4,9,2,Trandosha
2025-07-08 16:33:22,342,at-at,empire,6,4,4,3,Iktotch
2025-07-08 16:33:21,343,unknown,resistance,2,4,2,4,Ojom
2025-07-08 16:33:20,344,x-wing,empire,10,6,4,10,Dagobah
2025-07-08 16:33:19,345,tie_fighter,empire,10,4,8,5,Champala
2025-07-08 16:33:18,346,at-st,resistance,6,6,5,8,Iridonia
2025-07-08 16:33:17,347,at-at,resistance,4,1,9,9,Umbara
2025-07-08 16:33:16,348,x-wing,empire,1,6,6,8,Rodia
2025-07-08 16:33:15,349,stormtrooper,empire,5,3,8,7,Iridonia
2025-07-08 16:33:14,350,stormtrooper,resistance,1,5,4,3,Shili
2025-07-08 16:33:13,351,unknown,empire,9,2,4,8,Malastare
2025-07-08 16:33:12,352,tie_silencer,resistance,3,8,2,7,Vulpter
2025-07-08 16:33:11,353,stormtrooper,resistance,2,2,7,1,Malastare
2025-07-08 16:33:10,354,at-st,empire,3,10,10,3,Tatooine
2025-07-08 16:33:09,355,x-wing,resistance,7,6,2,9,Haruun Kal
2025-07-08 16:33:08,356,tie_fighter,empire,10,2,8,1,Muunilinst
2025-07-08 16:33:07,357,stormtrooper,empire,10,6,7,2,Trandosha
2025-07-08 16:33:06,358,tie_silencer,resistance,8,8,3,3,Haruun Kal
2025-07-08 16:33:05,359,at-at,empire,2,1,3,7,Skako
2025-07-08 16:33:04,360,tie_fighter,resistance,8,8,2,3,Champala
2025-07-08 16:33:03,361,resistance_soldier,resistance,6,2,1,5,Naboo
2025-07-08 16:33:02,362,tie_silencer,resistance,2,2,10,3,Haruun Kal
2025-07-08 16:33:01,363,x-wing,resistance,7,5,8,8,Mon Cala
2025-07-08 16:33:00,364,unknown,empire,10,5,8,8,Dorin
2025-07-08 16:32:59,365,at-st,resistance,1,8,10,9,Alderaan
2025-07-08 16:32:58,366,tie_fighter,resistance,3,1,9,2,Umbara
2025-07-08 16:32:57,367,at-st,empire,2,1,4,1,Trandosha
2025-07-08 16:32:56,368,at-at,resistance,1,4,1,5,Chandrila
2025-07-08 16:32:55,369,tie_fighter,resistance,7,6,7,4,Naboo
2025-07-08 16:32:54,370,at-st,empire,8,1,2,8,Dathomir
2025-07-08 16:32:53,371,unknown,empire,2,6,8,6,Dathomir
2025-07-08 16:32:52,372,tie_silencer,empire,6,10,2,9,Dorin
2025-07-08 16:32:51,373,unknown,empire,10,7,9,3,Corellia
2025-07-08 16:32:50,374,tie_silencer,resistance,4,9,9,9,Toydaria
2025-07-08 16:32:49,375,at-at,empire,4,10,7,5,Kalee
2025-07-08 16:32:48,376,tie_silencer,resistance,7,8,3,2,Vulpter
2025-07-08 16:32:47,377,stormtrooper,empire,4,10,5,4,Umbara
2025-07-08 16:32:46,378,unknown,resistance,1,3,4,5,Alderaan
2025-07-08 16:32:45,379,at-at,resistance,9,2,1,7,Rodia
2025-07-08 16:32:44,380,unknown,empire,3,8,6,10,Quermia
2025-07-08 16:32:43,381,stormtrooper,resistance,9,8,7,10,Toydaria
2025-07-08 16:32:42,382,tie_fighter,empire,1,2,2,1,Corellia
2025-07-08 16:32:41,383,unknown,empire,7,8,1,5,Mon Cala
2025-07-08 16:32:40,384,unknown,resistance,6,5,10,10,Ryloth
2025-07-08 16:32:39,385,x-wing,resistance,2,9,10,7,Alderaan
2025-07-08 16:32:38,386,stormtrooper,resistance,3,5,10,9,Bestine IV
2025-07-08 16:32:37,387,at-st,resistance,3,4,1,3,Champala
2025-07-08 16:32:36,388,tie_silencer,empire,2,3,3,8,Dagobah
2025-07-08 16:32:35,389,at-at,resistance,2,1,8,3,Haruun Kal
2025-07-08 16:32:34,390,stormtrooper,resistance,1,9,10,6,Tatooine
2025-07-08 16:32:33,391,at-st,resistance,1,10,2,4,Kalee
2025-07-08 16:32:32,392,tie_fighter,empire,5,5,5,4,Dagobah
2025-07-08 16:32:31,393,at-at,empire,3,8,3,3,Bestine IV
2025-07-08 16:32:30,394,at-st,resistance,3,1,7,9,Kashyyyk
2025-07-08 16:32:29,395,resistance_soldier,resistance,6,10,10,3,Mirial
2025-07-08 16:32:28,396,unknown,empire,9,6,10,10,Umbara
2025-07-08 16:32:27,397,at-st,resistance,9,2,3,9,Kalee
2025-07-08 16:32:26,398,tie_fighter,resistance,8,3,8,5,Aleen Minor
2025-07-08 16:32:25,399,tie_silencer,empire,9,3,1,9,Serenno
2025-07-08 16:32:24,400,stormtrooper,empire,4,4,1,3,Champala
2025-07-08 16:32:23,401,stormtrooper,empire,9,5,10,8,Iridonia
2025-07-08 16:32:22,402,x-wing,empire,6,10,3,6,Champala
2025-07-08 16:32:21,403,x-wing,resistance,9,4,8,1,Skako
2025-07-08 16:32:20,404,unknown,resistance,3,8,1,1,Champala
2025-07-08 16:32:19,405,tie_fighter,empire,9,4,6,5,Socorro
2025-07-08 16:32:18,406,x-wing,resistance,2,10,2,5,Tholoth
2025-07-08 16:32:17,407,at-st,resistance,4,6,2,2,Ryloth
2025-07-08 16:32:16,408,x-wing,empire,6,6,3,8,Naboo
2025-07-08 16:32:15,409,unknown,resistance,2,1,9,9,Bestine IV
2025-07-08 16:32:14,410,unknown,empire,4,1,4,10,Mirial
2025-07-08 16:32:13,411,at-st,resistance,5,2,6,4,Quermia
2025-07-08 16:32:12,412,resistance_soldier,resistance,2,1,2,1,Sullust
2025-07-08 16:32:11,413,x-wing,empire,5,3,5,5,Eriadu
2025-07-08 16:32:10,414,tie_silencer,resistance,5,10,4,10,Mon Cala
2025-07-08 16:32:09,415,at-at,resistance,1,1,5,2,Cerea
2025-07-08 16:32:08,416,resistance_soldier,resistance,4,5,5,8,Mon Cala
2025-07-08 16:32:07,417,tie_fighter,empire,4,2,8,6,Toydaria
2025-07-08 16:32:06,418,stormtrooper,resistance,9,7,8,1,Glee Anselm
2025-07-08 16:32:05,419,tie_silencer,resistance,7,4,9,6,Iridonia
2025-07-08 16:32:04,420,x-wing,resistance,2,5,2,9,Haruun Kal
2025-07-08 16:32:03,421,resistance_soldier,empire,1,1,8,6,Malastare
2025-07-08 16:32:02,422,unknown,empire,6,2,2,7,Serenno
2025-07-08 16:32:01,423,at-st,empire,7,8,1,8,Tund
2025-07-08 16:32:00,424,tie_fighter,resistance,10,6,5,8,Tholoth
2025-07-08 16:31:59,425,at-at,resistance,5,2,2,2,Muunilinst
2025-07-08 16:31:58,426,resistance_soldier,empire,1,5,7,2,Eriadu
2025-07-08 16:31:57,427,tie_fighter,empire,2,10,10,3,Trandosha
2025-07-08 16:31:56,428,stormtrooper,empire,2,1,7,7,Dagobah
2025-07-08 16:31:55,429,at-at,resistance,5,8,6,4,Aleen Minor
2025-07-08 16:31:54,430,resistance_soldier,resistance,6,7,9,9,Haruun Kal
2025-07-08 16:31:53,431,tie_silencer,resistance,7,8,1,9,Eriadu
2025-07-08 16:31:52,432,resistance_soldier,empire,10,2,9,10,Toydaria
2025-07-08 16:31:51,433,tie_fighter,resistance,5,8,10,6,Quermia
2025-07-08 16:31:50,434,at-st,resistance,4,1,7,9,Kashyyyk
2025-07-08 16:31:49,435,tie_silencer,resistance,7,5,10,4,Shili
2025-07-08 16:31:48,436,at-st,empire,1,1,7,7,Ojom
2025-07-08 16:31:47,437,at-at,empire,2,7,7,5,Tund
2025-07-08 16:31:46,438,at-st,empire,9,8,1,5,Iktotch
2025-07-08 16:31:45,439,tie_silencer,empire,6,8,4,9,Socorro
2025-07-08 16:31:44,440,unknown,empire,2,7,2,8,Kalee
2025-07-08 16:31:43,441,tie_silencer,resistance,4,2,7,9,Dagobah
2025-07-08 16:31:42,442,at-at,empire,7,5,9,2,Tund
2025-07-08 16:31:41,443,x-wing,empire,6,2,5,9,Stewjon
2025-07-08 16:31:40,444,stormtrooper,resistance,1,7,10,2,Champala
2025-07-08 16:31:39,445,stormtrooper,resistance,10,3,4,6,Ryloth
2025-07-08 16:31:38,446,stormtrooper,empire,2,8,2,6,Troiken
2025-07-08 16:31:37,447,resistance_soldier,empire,6,10,5,6,Bestine IV
2025-07-08 16:31:36,448,resistance_soldier,empire,10,4,8,9,Corellia
2025-07-08 16:31:35,449,at-st,empire,8,1,4,6,Haruun Kal
2025-07-08 16:31:34,450,unknown,empire,1,4,7,4,Tholoth
2025-07-08 16:31:33,451,stormtrooper,resistance,7,4,6,3,Ryloth
2025-07-08 16:31:32,452,tie_fighter,empire,10,5,1,6,Naboo
2025-07-08 16:31:31,453,tie_silencer,resistance,6,3,8,6,Kalee
2025-07-08 16:31:30,454,tie_silencer,resistance,8,6,2,2,Dagobah
2025-07-08 16:31:29,455,x-wing,empire,3,9,8,1,Naboo
2025-07-08 16:31:28,456,tie_silencer,resistance,7,4,4,3,Troiken
2025-07-08 16:31:27,457,unknown,resistance,2,3,4,1,Iridonia
2025-07-08 16:31:26,458,at-at,empire,8,1,10,7,Muunilinst
2025-07-08 16:31:25,459,unknown,resistance,7,2,5,3,Haruun Kal
2025-07-08 16:31:24,460,at-at,empire,3,9,2,7,Serenno
2025-07-08 16:31:23,461,at-at,empire,10,10,5,3,Trandosha
2025-07-08 16:31:22,462,at-st,resistance,2,9,6,1,Rodia
2025-07-08 16:31:21,463,at-st,resistance,1,5,10,7,Toydaria
2025-07-08 16:31:20,464,tie_fighter,empire,1,4,5,1,Zolan
2025-07-08 16:31:19,465,resistance_soldier,resistance,1,10,4,4,Trandosha
2025-07-08 16:31:18,466,stormtrooper,resistance,8,7,2,7,Toydaria
2025-07-08 16:31:17,467,stormtrooper,resistance,10,7,6,7,Chandrila
2025-07-08 16:31:16,468,at-at,resistance,8,9,8,8,Naboo
2025-07-08 16:31:15,469,x-wing,resistance,6,8,9,7,Naboo
2025-07-08 16:31:14,470,resistance_soldier,empire,7,3,6,3,Iktotch
2025-07-08 16:31:13,471,resistance_soldier,empire,8,6,5,6,Troiken
2025-07-08 16:31:12,472,unknown,empire,1,8,3,8,Quermia
2025-07-08 16:31:11,473,at-st,resistance,5,9,6,1,Dathomir
2025-07-08 16:31:10,474,at-at,empire,8,7,10,8,Corellia
2025-07-08 16:31:09,475,tie_fighter,empire,5,1,3,5,Trandosha
2025-07-08 16:31:08,476,tie_fighter,resistance,7,5,2,7,Trandosha
2025-07-08 16:31:07,477,tie_fighter,empire,1,8,3,6,Chandrila
2025-07-08 16:31:06,478,at-st,resistance,7,9,2,5,Naboo
2025-07-08 16:31:05,479,at-st,resistance,8,2,7,8,Iridonia
2025-07-08 16:31:04,480,stormtrooper,empire,7,2,3,1,Umbara
2025-07-08 16:31:03,481,resistance_soldier,empire,10,9,6,2,Sullust
2025-07-08 16:31:02,482,resistance_soldier,resistance,1,2,6,7,Champala
2025-07-08 16:31:01,483,at-st,resistance,9,10,8,10,Haruun Kal
2025-07-08 16:31:00,484,tie_fighter,resistance,1,4,4,2,Sullust
2025-07-08 16:30:59,485,tie_fighter,resistance,2,9,7,2,Shili
2025-07-08 16:30:58,486,tie_silencer,resistance,5,2,9,9,Naboo
2025-07-08 16:30:57,487,at-st,empire,6,5,6,1,Malastare
2025-07-08 16:30:56,488,resistance_soldier,resistance,3,1,7,6,Cerea
2025-07-08 16:30:55,489,unknown,resistance,1,1,7,8,Rodia
2025-07-08 16:30:54,490,x-wing,resistance,9,10,5,3,Iktotch
2025-07-08 16:30:53,491,resistance_soldier,resistance,10,10,9,2,Tholoth
2025-07-08 16:30:52,492,at-at,empire,2,6,6,8,Toydaria
2025-07-08 16:30:51,493,resistance_soldier,resistance,8,2,2,7,Eriadu
2025-07-08 16:30:50,494,unknown,empire,8,9,7,7,Mirial
2025-07-08 16:30:49,495,resistance_soldier,resistance,2,2,9,7,Quermia
2025-07-08 16:30:48,496,unknown,resistance,2,5,6,7,Alderaan
2025-07-08 16:30:47,497,tie_silencer,empire,2,6,10,2,Stewjon
2025-07-08 16:30:46,498,tie_fighter,empire,1,10,1,1,Corellia
2025-07-08 16:30:45,499,at-st,empire,1,5,10,7,Dorin
2025-07-08 16:30:44,500,at-st,resistance,9,3,10,5,Ojom
2025-07-08 16:30:43,501,at-at,empire,5,1,9,10,Concord Dawn
2025-07-08 16:30:42,502,resistance_soldier,empire,5,2,4,6,Tund
2025-07-08 16:30:41,503,stormtrooper,empire,2,5,7,2,Eriadu
2025-07-08 16:30:40,504,tie_silencer,resistance,1,3,10,3,Quermia
2025-07-08 16:30:39,505,stormtrooper,resistance,9,7,8,1,Aleen Minor
2025-07-08 16:30:38,506,x-wing,empire,5,4,1,9,Cerea
2025-07-08 16:30:37,507,stormtrooper,empire,4,9,5,10,Stewjon
2025-07-08 16:30:36,508,x-wing,resistance,2,10,8,8,Quermia
2025-07-08 16:30:35,509,x-wing,empire,8,2,4,6,Bestine IV
2025-07-08 16:30:34,510,unknown,empire,10,5,3,7,Corellia
2025-07-08 16:30:33,511,at-st,resistance,6,10,1,6,Tholoth
2025-07-08 16:30:32,512,tie_silencer,empire,8,5,1,6,Corellia
2025-07-08 16:30:31,513,x-wing,resistance,9,8,8,4,Iktotch
2025-07-08 16:30:30,514,stormtrooper,resistance,5,2,9,4,Mirial
2025-07-08 16:30:29,515,unknown,empire,8,10,1,2,Stewjon
2025-07-08 16:30:28,516,at-at,empire,10,4,9,5,Toydaria
2025-07-08 16:30:27,517,x-wing,empire,9,4,8,5,Quermia
2025-07-08 16:30:26,518,stormtrooper,resistance,8,7,2,6,Ryloth
2025-07-08 16:30:25,519,tie_fighter,resistance,3,7,3,6,Umbara
2025-07-08 16:30:24,520,tie_silencer,empire,5,10,7,8,Aleen Minor
2025-07-08 16:30:23,521,resistance_soldier,empire,9,1,7,7,Corellia
2025-07-08 16:30:22,522,x-wing,resistance,2,1,10,5,Ryloth
2025-07-08 16:30:21,523,tie_silencer,empire,4,7,5,4,Champala
2025-07-08 16:30:20,524,resistance_soldier,resistance,10,3,5,10,Iktotch
2025-07-08 16:30:19,525,at-at,resistance,7,1,1,8,Ojom
2025-07-08 16:30:18,526,stormtrooper,resistance,1,7,9,10,Alderaan
2025-07-08 16:30:17,527,at-st,resistance,1,1,9,4,Mon Cala
2025-07-08 16:30:16,528,tie_fighter,empire,9,10,9,4,Trandosha
2025-07-08 16:30:15,529,tie_silencer,resistance,9,2,5,5,Alderaan
2025-07-08 16:30:14,530,at-st,empire,4,4,3,3,Champala
2025-07-08 16:30:13,531,tie_silencer,empire,10,3,1,10,Quermia
2025-07-08 16:30:12,532,at-at,empire,6,5,3,9,Serenno
2025-07-08 16:30:11,533,tie_silencer,empire,9,1,5,9,Iktotch
2025-07-08 16:30:10,534,x-wing,empire,8,8,3,9,Glee Anselm
2025-07-08 16:30:09,535,tie_fighter,resistance,1,2,1,8,Umbara
2025-07-08 16:30:08,536,stormtrooper,empire,7,1,5,8,Stewjon
2025-07-08 16:30:07,537,resistance_soldier,resistance,9,8,8,8,Toydaria
2025-07-08 16:30:06,538,at-st,empire,3,8,8,10,Kashyyyk
2025-07-08 16:30:05,539,stormtrooper,resistance,7,9,9,5,Trandosha
2025-07-08 16:30:04,540,resistance_soldier,empire,6,8,5,5,Umbara
2025-07-08 16:30:03,541,unknown,empire,2,7,10,10,Champala
2025-07-08 16:30:02,542,stormtrooper,resistance,3,7,10,3,Chandrila
2025-07-08 16:30:01,543,x-wing,resistance,3,3,3,2,Ryloth
2025-07-08 16:30:00,544,resistance_soldier,resistance,3,2,10,1,Rodia
2025-07-08 16:29:59,545,at-at,resistance,4,5,7,1,Iridonia
2025-07-08 16:29:58,546,at-st,resistance,5,10,5,1,Socorro
2025-07-08 16:29:57,547,tie_silencer,resistance,10,2,2,7,Naboo
2025-07-08 16:29:56,548,stormtrooper,empire,1,5,9,9,Aleen Minor
2025-07-08 16:29:55,549,at-at,resistance,5,6,1,6,Sullust
2025-07-08 16:29:54,550,tie_fighter,resistance,5,8,10,6,Haruun Kal
2025-07-08 16:29:53,551,resistance_soldier,empire,10,1,6,6,Ojom
2025-07-08 16:29:52,552,at-st,empire,6,8,8,4,Tund
2025-07-08 16:29:51,553,tie_fighter,empire,7,1,1,7,Serenno
2025-07-08 16:29:50,554,tie_fighter,resistance,9,5,2,1,Sullust
2025-07-08 16:29:49,555,resistance_soldier,resistance,2,8,10,9,Haruun Kal
2025-07-08 16:29:48,556,tie_fighter,empire,2,6,3,4,Toydaria
2025-07-08 16:29:47,557,tie_silencer,empire,5,10,3,5,Rodia
2025-07-08 16:29:46,558,at-at,empire,5,3,2,7,Malastare
2025-07-08 16:29:45,559,at-at,empire,7,7,5,5,Socorro
2025-07-08 16:29:44,560,at-st,resistance,3,3,6,4,Tholoth
2025-07-08 16:29:43,561,tie_fighter,resistance,6,7,4,7,Glee Anselm
2025-07-08 16:29:42,562,at-st,empire,7,8,9,5,Stewjon
2025-07-08 16:29:41,563,at-at,resistance,4,8,5,4,Mon Cala
2025-07-08 16:29:40,564,stormtrooper,resistance,6,7,8,1,Tund
2025-07-08 16:29:39,565,resistance_soldier,empire,1,1,8,1,Trandosha
2025-07-08 16:29:38,566,unknown,resistance,6,8,2,4,Champala
2025-07-08 16:29:37,567,x-wing,empire,7,7,6,7,Rodia
2025-07-08 16:29:36,568,resistance_soldier,empire,7,4,8,9,Naboo
2025-07-08 16:29:35,569,at-at,empire,4,4,2,3,Trandosha
2025-07-08 16:29:34,570,at-st,empire,2,2,8,10,Vulpter
2025-07-08 16:29:33,571,resistance_soldier,resistance,10,3,1,9,Naboo
2025-07-08 16:29:32,572,tie_silencer,empire,4,10,2,4,Kashyyyk
2025-07-08 16:29:31,573,at-at,resistance,8,1,10,4,Stewjon
2025-07-08 16:29:30,574,at-st,resistance,1,10,5,1,Chandrila
2025-07-08 16:29:29,575,tie_fighter,resistance,7,4,6,2,Cerea
2025-07-08 16:29:28,576,resistance_soldier,resistance,10,6,5,9,Mirial
2025-07-08 16:29:27,577,at-st,resistance,6,3,8,3,Shili
2025-07-08 16:29:26,578,tie_fighter,empire,10,3,4,5,Skako
2025-07-08 16:29:25,579,unknown,resistance,10,5,6,3,Ojom
2025-07-08 16:29:24,580,unknown,resistance,10,3,8,8,Mirial
2025-07-08 16:29:23,581,x-wing,resistance,6,9,8,10,Kashyyyk
2025-07-08 16:29:22,582,resistance_soldier,empire,8,4,1,1,Shili
2025-07-08 16:29:21,583,resistance_soldier,resistance,5,8,6,3,Socorro
2025-07-08 16:29:20,584,resistance_soldier,resistance,10,10,7,8,Kalee
2025-07-08 16:29:19,585,resistance_soldier,empire,6,2,2,5,Ryloth
2025-07-08 16:29:18,586,at-st,empire,1,8,6,10,Champala
2025-07-08 16:29:17,587,at-at,resistance,8,5,6,10,Shili
2025-07-08 16:29:16,588,resistance_soldier,empire,3,10,7,6,Tholoth
2025-07-08 16:29:15,589,tie_silencer,empire,1,2,9,6,Quermia
2025-07-08 16:29:14,590,x-wing,resistance,1,9,7,10,Bestine IV
2025-07-08 16:29:13,591,tie_fighter,empire,9,8,1,2,Troiken
2025-07-08 16:29:12,592,tie_silencer,empire,1,1,7,6,Concord Dawn
2025-07-08 16:29:11,593,tie_fighter,resistance,7,4,2,7,Iridonia
2025-07-08 16:29:10,594,stormtrooper,empire,8,4,4,2,Tholoth
2025-07-08 16:29:09,595,at-st,empire,2,2,10,7,Aleen Minor
2025-07-08 16:29:08,596,tie_fighter,empire,9,4,8,9,Toydaria
2025-07-08 16:29:07,597,resistance_soldier,resistance,1,9,10,2,Chandrila
2025-07-08 16:29:06,598,unknown,resistance,1,6,10,1,Naboo
2025-07-08 16:29:05,599,tie_silencer,empire,9,8,7,9,Aleen Minor
2025-07-08 16:29:04,600,at-st,resistance,7,2,3,8,Mirial
2025-07-08 16:29:03,601,x-wing,empire,10,4,9,9,Chandrila
2025-07-08 16:29:02,602,resistance_soldier,empire,5,4,4,10,Muunilinst
2025-07-08 16:29:01,603,unknown,resistance,8,2,6,8,Kashyyyk
2025-07-08 16:29:00,604,x-wing,resistance,9,10,8,8,Champala
2025-07-08 16:28:59,605,x-wing,empire,10,6,3,4,Quermia
2025-07-08 16:28:58,606,tie_fighter,empire,8,10,9,6,Skako
2025-07-08 16:28:57,607,at-at,empire,7,10,9,4,Tatooine
2025-07-08 16:28:56,608,resistance_soldier,resistance,7,10,7,10,Socorro
2025-07-08 16:28:55,609,tie_silencer,empire,10,5,1,6,Champala
2025-07-08 16:28:54,610,at-st,empire,1,4,9,1,Bestine IV
2025-07-08 16:28:53,611,x-wing,resistance,1,1,7,8,Zolan
2025-07-08 16:28:52,612,tie_fighter,empire,3,8,5,8,Iridonia
2025-07-08 16:28:51,613,unknown,empire,8,8,9,5,Muunilinst
2025-07-08 16:28:50,614,stormtrooper,resistance,2,8,7,8,Sullust
2025-07-08 16:28:49,615,tie_silencer,empire,10,7,7,8,Kalee
2025-07-08 16:28:48,616,at-st,resistance,5,4,7,9,Mon Cala
2025-07-08 16:28:47,617,at-st,resistance,2,7,10,3,Kashyyyk
2025-07-08 16:28:46,618,at-st,resistance,5,4,1,1,Cerea
2025-07-08 16:28:45,619,tie_fighter,empire,7,8,2,3,Vulpter
2025-07-08 16:28:44,620,tie_silencer,resistance,3,8,6,2,Muunilinst
2025-07-08 16:28:43,621,tie_fighter,empire,6,9,3,3,Mirial
2025-07-08 16:28:42,622,resistance_soldier,empire,6,1,4,9,Tholoth
2025-07-08 16:28:41,623,stormtrooper,resistance,5,9,1,5,Socorro
2025-07-08 16:28:40,624,at-at,resistance,3,7,3,5,Ryloth
2025-07-08 16:28:39,625,tie_fighter,resistance,5,3,4,9,Umbara
2025-07-08 16:28:38,626,at-st,empire,10,4,4,5,Quermia
2025-07-08 16:28:37,627,tie_silencer,resistance,5,2,4,1,Ryloth
2025-07-08 16:28:36,628,x-wing,empire,4,1,3,8,Socorro
2025-07-08 16:28:35,629,tie_fighter,empire,4,6,9,5,Mirial
2025-07-08 16:28:34,630,at-st,empire,7,9,1,9,Tholoth
2025-07-08 16:28:33,631,unknown,empire,1,7,2,6,Tatooine
2025-07-08 16:28:32,632,unknown,resistance,7,7,1,9,Mon Cala
2025-07-08 16:28:31,633,tie_silencer,resistance,10,3,8,6,Tatooine
2025-07-08 16:28:30,634,resistance_soldier,resistance,10,5,4,1,Aleen Minor
2025-07-08 16:28:29,635,at-at,empire,9,3,4,8,Muunilinst
2025-07-08 16:28:28,636,stormtrooper,resistance,7,8,10,8,Iridonia
2025-07-08 16:28:27,637,unknown,empire,6,4,1,3,Vulpter
2025-07-08 16:28:26,638,unknown,empire,7,5,5,4,Ryloth
2025-07-08 16:28:25,639,tie_silencer,empire,8,6,10,5,Umbara
2025-07-08 16:28:24,640,tie_silencer,empire,5,5,2,7,Mirial
2025-07-08 16:28:23,641,at-at,resistance,9,5,4,6,Shili
2025-07-08 16:28:22,642,tie_silencer,empire,7,8,7,2,Skako
2025-07-08 16:28:21,643,stormtrooper,empire,2,4,6,8,Cerea
2025-07-08 16:28:20,644,at-st,empire,10,9,4,7,Rodia
2025-07-08 16:28:19,645,x-wing,empire,7,2,2,9,Shili
2025-07-08 16:28:18,646,resistance_soldier,empire,9,1,7,2,Tatooine
2025-07-08 16:28:17,647,stormtrooper,empire,6,1,10,5,Malastare
2025-07-08 16:28:16,648,resistance_soldier,empire,1,8,2,7,Iktotch
2025-07-08 16:28:15,649,tie_fighter,resistance,3,7,3,5,Kashyyyk
2025-07-08 16:28:14,650,at-st,resistance,9,4,4,3,Glee Anselm
2025-07-08 16:28:13,651,at-st,empire,1,9,5,9,Tatooine
2025-07-08 16:28:12,652,at-at,resistance,8,3,10,6,Sullust
2025-07-08 16:28:11,653,resistance_soldier,resistance,1,4,5,9,Kalee
2025-07-08 16:28:10,654,tie_silencer,resistance,8,3,4,8,Glee Anselm
2025-07-08 16:28:09,655,at-st,empire,4,1,10,10,Tund
2025-07-08 16:28:08,656,resistance_soldier,resistance,6,2,8,8,Iridonia
2025-07-08 16:28:07,657,unknown,empire,4,10,6,10,Toydaria
2025-07-08 16:28:06,658,tie_silencer,empire,2,3,3,2,Shili
2025-07-08 16:28:05,659,stormtrooper,resistance,1,10,4,2,Dathomir
2025-07-08 16:28:04,660,tie_fighter,empire,9,8,5,4,Skako
2025-07-08 16:28:03,661,resistance_soldier,resistance,6,1,7,8,Chandrila
2025-07-08 16:28:02,662,unknown,resistance,7,9,1,10,Cerea
2025-07-08 16:28:01,663,unknown,empire,6,5,7,9,Toydaria
2025-07-08 16:28:00,664,at-st,resistance,5,7,5,1,Socorro
2025-07-08 16:27:59,665,stormtrooper,resistance,9,10,3,8,Bestine IV
2025-07-08 16:27:58,666,at-at,empire,3,10,10,5,Mirial
2025-07-08 16:27:57,667,unknown,resistance,9,10,4,2,Dathomir
2025-07-08 16:27:56,668,at-st,resistance,6,9,10,4,Alderaan
2025-07-08 16:27:55,669,stormtrooper,empire,2,6,3,9,Skako
2025-07-08 16:27:54,670,x-wing,resistance,9,1,5,4,Dathomir
2025-07-08 16:27:53,671,x-wing,empire,2,6,2,4,Toydaria
2025-07-08 16:27:52,672,at-at,empire,4,5,9,9,Stewjon
2025-07-08 16:27:51,673,stormtrooper,resistance,9,9,1,8,Shili
2025-07-08 16:27:50,674,tie_silencer,resistance,8,6,6,8,Mirial
2025-07-08 16:27:49,675,resistance_soldier,empire,7,5,5,6,Serenno
2025-07-08 16:27:48,676,at-st,resistance,2,2,3,9,Naboo
2025-07-08 16:27:47,677,tie_silencer,empire,7,3,4,8,Mirial
2025-07-08 16:27:46,678,at-st,resistance,10,10,2,1,Dathomir
2025-07-08 16:27:45,679,tie_silencer,empire,4,7,1,4,Socorro
2025-07-08 16:27:44,680,at-st,empire,3,5,7,5,Stewjon
2025-07-08 16:27:43,681,tie_silencer,resistance,10,1,3,4,Dorin
2025-07-08 16:27:42,682,at-st,empire,3,8,5,5,Vulpter
2025-07-08 16:27:41,683,tie_silencer,empire,2,4,3,4,Umbara
2025-07-08 16:27:40,684,resistance_soldier,empire,7,7,5,10,Glee Anselm
2025-07-08 16:27:39,685,at-st,resistance,1,10,6,4,Kashyyyk
2025-07-08 16:27:38,686,resistance_soldier,empire,1,7,3,6,Dathomir
2025-07-08 16:27:37,687,x-wing,resistance,6,4,4,2,Shili
2025-07-08 16:27:36,688,tie_silencer,empire,5,9,5,5,Chandrila
2025-07-08 16:27:35,689,unknown,empire,3,8,8,6,Malastare
2025-07-08 16:27:34,690,tie_silencer,resistance,7,9,8,10,Iridonia
2025-07-08 16:27:33,691,resistance_soldier,resistance,9,1,1,2,Mirial
2025-07-08 16:27:32,692,at-at,empire,8,8,3,4,Corellia
2025-07-08 16:27:31,693,at-st,empire,9,5,8,10,Zolan
2025-07-08 16:27:30,694,tie_silencer,empire,9,1,10,2,Tund
2025-07-08 16:27:29,695,stormtrooper,empire,10,9,5,4,Kalee
2025-07-08 16:27:28,696,unknown,empire,5,7,8,4,Iridonia
2025-07-08 16:27:27,697,at-at,resistance,4,9,1,6,Quermia
2025-07-08 16:27:26,698,resistance_soldier,empire,2,6,10,5,Mon Cala
2025-07-08 16:27:25,699,stormtrooper,resistance,8,8,1,5,Quermia
2025-07-08 16:27:24,700,at-at,empire,3,4,7,8,Skako
2025-07-08 16:27:23,701,tie_silencer,empire,7,9,6,4,Ojom
2025-07-08 16:27:22,702,x-wing,empire,2,1,9,4,Vulpter
2025-07-08 16:27:21,703,tie_fighter,empire,7,4,3,9,Socorro
2025-07-08 16:27:20,704,unknown,empire,8,1,6,1,Dagobah
2025-07-08 16:27:19,705,at-st,resistance,10,10,3,6,Champala
2025-07-08 16:27:18,706,tie_fighter,empire,2,2,5,3,Malastare
2025-07-08 16:27:17,707,resistance_soldier,resistance,8,7,6,8,Haruun Kal
2025-07-08 16:27:16,708,x-wing,resistance,5,8,3,2,Toydaria
2025-07-08 16:27:15,709,tie_fighter,empire,8,5,10,2,Glee Anselm
2025-07-08 16:27:14,710,tie_fighter,resistance,6,6,5,3,Zolan
2025-07-08 16:27:13,711,at-at,empire,5,9,7,9,Quermia
2025-07-08 16:27:12,712,at-st,empire,7,5,10,2,Ojom
2025-07-08 16:27:11,713,resistance_soldier,empire,6,9,8,1,Concord Dawn
2025-07-08 16:27:10,714,stormtrooper,empire,7,8,3,3,Malastare
2025-07-08 16:27:09,715,at-at,resistance,5,4,6,7,Stewjon
2025-07-08 16:27:08,716,tie_fighter,resistance,10,10,4,10,Mirial
2025-07-08 16:27:07,717,unknown,resistance,9,6,5,1,Mon Cala
2025-07-08 16:27:06,718,tie_silencer,resistance,4,3,9,9,Iridonia
2025-07-08 16:27:05,719,resistance_soldier,empire,1,2,5,5,Corellia
2025-07-08 16:27:04,720,x-wing,resistance,7,6,2,1,Ojom
2025-07-08 16:27:03,721,resistance_soldier,resistance,7,3,9,9,Chandrila
2025-07-08 16:27:02,722,at-st,resistance,5,5,8,10,Kashyyyk
2025-07-08 16:27:01,723,at-st,empire,9,2,1,2,Umbara
2025-07-08 16:27:00,724,at-at,resistance,9,5,4,6,Mon Cala
2025-07-08 16:26:59,725,unknown,resistance,10,9,3,5,Naboo
2025-07-08 16:26:58,726,resistance_soldier,resistance,3,5,4,5,Kalee
2025-07-08 16:26:57,727,at-st,resistance,8,7,9,6,Iktotch
2025-07-08 16:26:56,728,unknown,empire,3,7,5,7,Glee Anselm
2025-07-08 16:26:55,729,at-at,resistance,7,6,4,8,Kashyyyk
2025-07-08 16:26:54,730,stormtrooper,empire,7,9,3,10,Mirial
2025-07-08 16:26:53,731,resistance_soldier,resistance,6,8,10,10,Ryloth
2025-07-08 16:26:52,732,resistance_soldier,empire,9,3,3,3,Dathomir
2025-07-08 16:26:51,733,at-st,resistance,4,10,4,6,Tholoth
2025-07-08 16:26:50,734,at-st,empire,3,10,5,4,Rodia
2025-07-08 16:26:49,735,resistance_soldier,empire,1,4,5,8,Aleen Minor
2025-07-08 16:26:48,736,resistance_soldier,resistance,7,9,3,4,Bestine IV
2025-07-08 16:26:47,737,tie_silencer,empire,6,10,1,9,Cerea
2025-07-08 16:26:46,738,at-at,empire,2,6,3,8,Naboo
2025-07-08 16:26:45,739,resistance_soldier,empire,2,8,9,10,Trandosha
2025-07-08 16:26:44,740,stormtrooper,empire,9,5,9,8,Concord Dawn
2025-07-08 16:26:43,741,tie_silencer,empire,2,10,9,2,Iktotch
2025-07-08 16:26:42,742,tie_fighter,resistance,8,4,5,4,Dathomir
2025-07-08 16:26:41,743,resistance_soldier,empire,9,7,10,8,Corellia
2025-07-08 16:26:40,744,at-at,resistance,5,8,2,7,Chandrila
2025-07-08 16:26:39,745,tie_silencer,empire,8,6,1,10,Tholoth
2025-07-08 16:26:38,746,unknown,empire,4,9,6,5,Trandosha
2025-07-08 16:26:37,747,stormtrooper,resistance,9,6,5,3,Sullust
2025-07-08 16:26:36,748,stormtrooper,resistance,9,5,6,7,Zolan
2025-07-08 16:26:35,749,tie_silencer,empire,2,3,10,3,Mirial
2025-07-08 16:26:34,750,at-st,empire,6,4,7,2,Chandrila
2025-07-08 16:26:33,751,x-wing,resistance,2,2,1,10,Rodia
2025-07-08 16:26:32,752,stormtrooper,resistance,5,5,2,4,Rodia
2025-07-08 16:26:31,753,tie_silencer,empire,2,10,3,9,Dagobah
2025-07-08 16:26:30,754,unknown,resistance,1,9,5,5,Chandrila
2025-07-08 16:26:29,755,x-wing,resistance,5,2,8,7,Mon Cala
2025-07-08 16:26:28,756,resistance_soldier,resistance,9,2,7,3,Mirial
2025-07-08 16:26:27,757,tie_fighter,empire,5,10,7,5,Bestine IV
2025-07-08 16:26:26,758,stormtrooper,resistance,10,1,8,10,Dathomir
2025-07-08 16:26:25,759,at-st,empire,4,10,8,7,Ojom
2025-07-08 16:26:24,760,at-st,resistance,9,9,6,8,Umbara
2025-07-08 16:26:23,761,at-at,empire,8,10,10,2,Trandosha
2025-07-08 16:26:22,762,tie_fighter,empire,4,5,5,10,Tund
2025-07-08 16:26:21,763,resistance_soldier,empire,6,9,9,9,Toydaria
2025-07-08 16:26:20,764,tie_silencer,resistance,4,10,1,7,Zolan
2025-07-08 16:26:19,765,stormtrooper,resistance,7,1,8,6,Chandrila
2025-07-08 16:26:18,766,stormtrooper,resistance,8,9,4,1,Kashyyyk
2025-07-08 16:26:17,767,tie_silencer,resistance,10,6,9,1,Sullust
2025-07-08 16:26:16,768,at-st,resistance,6,7,8,6,Kashyyyk
2025-07-08 16:26:15,769,resistance_soldier,empire,9,1,9,1,Serenno
2025-07-08 16:26:14,770,tie_silencer,resistance,8,10,10,3,Ojom
2025-07-08 16:26:13,771,x-wing,empire,10,8,7,8,Tund
2025-07-08 16:26:12,772,at-at,empire,6,4,8,10,Corellia
2025-07-08 16:26:11,773,tie_fighter,resistance,8,1,2,5,Eriadu
2025-07-08 16:26:10,774,at-st,resistance,9,2,7,1,Chandrila
2025-07-08 16:26:09,775,unknown,empire,2,3,6,8,Serenno
2025-07-08 16:26:08,776,tie_fighter,resistance,6,6,1,10,Mon Cala
2025-07-08 16:26:07,777,x-wing,resistance,3,1,2,1,Sullust
2025-07-08 16:26:06,778,stormtrooper,resistance,3,3,7,8,Bestine IV
2025-07-08 16:26:05,779,tie_silencer,resistance,3,5,10,1,Alderaan
2025-07-08 16:26:04,780,x-wing,resistance,2,9,2,5,Sullust
2025-07-08 16:26:03,781,at-at,empire,3,5,5,1,Troiken
2025-07-08 16:26:02,782,x-wing,empire,2,1,6,9,Aleen Minor
2025-07-08 16:26:01,783,x-wing,resistance,7,9,2,3,Dathomir
2025-07-08 16:26:00,784,tie_fighter,empire,10,2,2,3,Champala
2025-07-08 16:25:59,785,x-wing,resistance,6,6,4,5,Mon Cala
2025-07-08 16:25:58,786,unknown,resistance,10,2,10,5,Mon Cala
2025-07-08 16:25:57,787,x-wing,resistance,6,7,1,6,Zolan
2025-07-08 16:25:56,788,at-st,resistance,6,7,2,4,Mirial
2025-07-08 16:25:55,789,stormtrooper,resistance,8,2,10,4,Champala
2025-07-08 16:25:54,790,at-st,empire,5,8,7,7,Malastare
2025-07-08 16:25:53,791,resistance_soldier,empire,2,4,1,1,Skako
2025-07-08 16:25:52,792,at-at,empire,8,6,9,1,Toydaria
2025-07-08 16:25:51,793,tie_silencer,empire,3,8,4,9,Corellia
2025-07-08 16:25:50,794,at-at,empire,9,2,3,2,Kalee
2025-07-08 16:25:49,795,tie_fighter,empire,2,4,1,6,Bestine IV
2025-07-08 16:25:48,796,tie_silencer,resistance,8,5,2,4,Iridonia
2025-07-08 16:25:47,797,tie_silencer,empire,4,9,4,5,Rodia
2025-07-08 16:25:46,798,tie_fighter,resistance,1,8,6,3,Concord Dawn
2025-07-08 16:25:45,799,unknown,resistance,2,3,3,6,Rodia
2025-07-08 16:25:44,800,tie_silencer,empire,1,3,1,2,Muunilinst
2025-07-08 16:25:43,801,stormtrooper,resistance,2,5,10,2,Ryloth
2025-07-08 16:25:42,802,stormtrooper,resistance,8,10,10,3,Bestine IV
2025-07-08 16:25:41,803,stormtrooper,resistance,9,7,2,9,Chandrila
2025-07-08 16:25:40,804,x-wing,empire,2,4,2,8,Dathomir
2025-07-08 16:25:39,805,resistance_soldier,empire,6,3,7,8,Socorro
2025-07-08 16:25:38,806,resistance_soldier,resistance,3,1,8,4,Rodia
2025-07-08 16:25:37,807,at-at,resistance,10,5,9,3,Sullust
2025-07-08 16:25:36,808,at-at,resistance,9,7,2,6,Troiken
2025-07-08 16:25:35,809,stormtrooper,resistance,1,9,2,2,Iridonia
2025-07-08 16:25:34,810,at-at,empire,2,3,10,3,Tund
2025-07-08 16:25:33,811,tie_silencer,resistance,8,5,3,3,Tatooine
2025-07-08 16:25:32,812,unknown,empire,4,3,9,1,Ojom
2025-07-08 16:25:31,813,at-at,empire,3,8,6,1,Dorin
2025-07-08 16:25:30,814,tie_fighter,resistance,10,2,9,3,Glee Anselm
2025-07-08 16:25:29,815,tie_fighter,empire,3,5,9,9,Aleen Minor
2025-07-08 16:25:28,816,tie_silencer,empire,7,8,9,4,Dathomir
2025-07-08 16:25:27,817,x-wing,resistance,5,5,8,2,Sullust
2025-07-08 16:25:26,818,resistance_soldier,resistance,5,3,1,4,Trandosha
2025-07-08 16:25:25,819,tie_silencer,resistance,9,7,8,1,Alderaan
2025-07-08 16:25:24,820,resistance_soldier,empire,9,7,3,2,Ojom
2025-07-08 16:25:23,821,unknown,empire,4,6,4,9,Shili
2025-07-08 16:25:22,822,at-st,resistance,6,5,9,5,Skako
2025-07-08 16:25:21,823,at-st,empire,10,5,4,5,Champala
2025-07-08 16:25:20,824,x-wing,resistance,4,6,9,3,Quermia
2025-07-08 16:25:19,825,tie_fighter,resistance,10,6,6,4,Shili
2025-07-08 16:25:18,826,at-st,empire,3,6,10,5,Glee Anselm
2025-07-08 16:25:17,827,tie_fighter,resistance,4,7,1,8,Haruun Kal
2025-07-08 16:25:16,828,stormtrooper,resistance,3,2,9,7,Sullust
2025-07-08 16:25:15,829,stormtrooper,empire,10,3,3,1,Dorin
2025-07-08 16:25:14,830,resistance_soldier,resistance,6,6,7,1,Alderaan
2025-07-08 16:25:13,831,tie_fighter,empire,3,4,9,5,Glee Anselm
2025-07-08 16:25:12,832,tie_fighter,resistance,7,2,10,7,Cerea
2025-07-08 16:25:11,833,at-at,resistance,1,1,2,5,Vulpter
2025-07-08 16:25:10,834,at-at,resistance,4,10,9,9,Alderaan
2025-07-08 16:25:09,835,resistance_soldier,empire,7,8,2,8,Stewjon
2025-07-08 16:25:08,836,at-st,resistance,6,8,8,9,Ryloth
2025-07-08 16:25:07,837,tie_silencer,empire,7,10,7,3,Trandosha
2025-07-08 16:25:06,838,tie_silencer,resistance,4,10,9,3,Kashyyyk
2025-07-08 16:25:05,839,tie_fighter,resistance,8,5,7,7,Iridonia
2025-07-08 16:25:04,840,unknown,empire,1,2,8,9,Dagobah
2025-07-08 16:25:03,841,at-at,empire,10,6,9,2,Concord Dawn
2025-07-08 16:25:02,842,at-at,resistance,9,1,9,2,Dathomir
2025-07-08 16:25:01,843,stormtrooper,resistance,10,3,4,1,Socorro
2025-07-08 16:25:00,844,tie_silencer,empire,5,7,4,1,Trandosha
2025-07-08 16:24:59,845,stormtrooper,empire,3,8,7,3,Toydaria
2025-07-08 16:24:58,846,at-st,resistance,3,7,7,10,Kashyyyk
2025-07-08 16:24:57,847,resistance_soldier,resistance,10,2,7,7,Iktotch
2025-07-08 16:24:56,848,resistance_soldier,empire,9,10,3,5,Cerea
2025-07-08 16:24:55,849,resistance_soldier,empire,2,8,6,8,Shili
2025-07-08 16:24:54,850,stormtrooper,resistance,8,8,8,1,Trandosha
2025-07-08 16:24:53,851,tie_silencer,resistance,8,4,2,2,Dorin
2025-07-08 16:24:52,852,tie_fighter,resistance,2,9,1,8,Kashyyyk
2025-07-08 16:24:51,853,at-at,resistance,3,2,1,1,Vulpter
2025-07-08 16:24:50,854,resistance_soldier,resistance,1,9,7,9,Glee Anselm
2025-07-08 16:24:49,855,x-wing,resistance,7,5,10,10,Quermia
2025-07-08 16:24:48,856,unknown,empire,8,10,10,4,Serenno
2025-07-08 16:24:47,857,x-wing,empire,5,9,1,4,Naboo
2025-07-08 16:24:46,858,tie_fighter,empire,2,1,8,9,Concord Dawn
2025-07-08 16:24:45,859,resistance_soldier,resistance,2,4,10,6,Mirial
2025-07-08 16:24:44,860,at-st,resistance,3,8,5,10,Bestine IV
2025-07-08 16:24:43,861,x-wing,empire,3,2,2,6,Stewjon
2025-07-08 16:24:42,862,tie_silencer,empire,8,6,6,7,Umbara
2025-07-08 16:24:41,863,tie_fighter,empire,8,7,10,1,Bestine IV
2025-07-08 16:24:40,864,stormtrooper,resistance,5,7,10,1,Sullust
2025-07-08 16:24:39,865,at-at,empire,10,8,5,5,Socorro
2025-07-08 16:24:38,866,unknown,empire,9,4,9,9,Tund
2025-07-08 16:24:37,867,x-wing,empire,5,1,8,3,Muunilinst
2025-07-08 16:24:36,868,unknown,resistance,7,5,9,9,Kashyyyk
2025-07-08 16:24:35,869,at-st,resistance,6,2,1,7,Dathomir
2025-07-08 16:24:34,870,at-st,resistance,9,1,1,9,Quermia
2025-07-08 16:24:33,871,resistance_soldier,empire,1,3,9,10,Zolan
2025-07-08 16:24:32,872,tie_fighter,empire,5,8,6,1,Muunilinst
2025-07-08 16:24:31,873,x-wing,resistance,10,9,2,3,Troiken
2025-07-08 16:24:30,874,tie_fighter,empire,10,8,7,2,Trandosha
2025-07-08 16:24:29,875,tie_silencer,resistance,7,8,3,8,Mirial
2025-07-08 16:24:28,876,resistance_soldier,empire,5,4,6,8,Ojom
2025-07-08 16:24:27,877,resistance_soldier,empire,6,5,10,7,Tatooine
2025-07-08 16:24:26,878,at-st,resistance,8,4,1,2,Tund
2025-07-08 16:24:25,879,unknown,resistance,9,7,5,5,Malastare
2025-07-08 16:24:24,880,tie_fighter,resistance,7,9,8,6,Mon Cala
2025-07-08 16:24:23,881,at-st,empire,7,4,9,7,Tund
2025-07-08 16:24:22,882,at-at,empire,3,3,2,10,Dathomir
2025-07-08 16:24:21,883,tie_silencer,resistance,10,4,3,10,Mon Cala
2025-07-08 16:24:20,884,resistance_soldier,empire,2,5,10,8,Concord Dawn
2025-07-08 16:24:19,885,tie_fighter,resistance,6,4,3,4,Tholoth
2025-07-08 16:24:18,886,resistance_soldier,empire,8,5,5,6,Toydaria
2025-07-08 16:24:17,887,resistance_soldier,resistance,5,6,5,9,Dorin
2025-07-08 16:24:16,888,x-wing,empire,10,5,4,7,Bestine IV
2025-07-08 16:24:15,889,stormtrooper,empire,8,8,3,2,Ojom
2025-07-08 16:24:14,890,tie_fighter,resistance,7,9,6,3,Sullust
2025-07-08 16:24:13,891,tie_fighter,resistance,7,10,2,9,Sullust
2025-07-08 16:24:12,892,tie_fighter,resistance,6,2,3,10,Tatooine
2025-07-08 16:24:11,893,unknown,empire,5,3,1,3,Naboo
2025-07-08 16:24:10,894,stormtrooper,empire,10,8,6,4,Dagobah
2025-07-08 16:24:09,895,resistance_soldier,empire,2,10,1,5,Skako
2025-07-08 16:24:08,896,stormtrooper,empire,1,10,8,9,Bestine IV
2025-07-08 16:24:07,897,x-wing,empire,6,9,7,4,Ojom
2025-07-08 16:24:06,898,at-at,empire,9,4,10,1,Chandrila
2025-07-08 16:24:05,899,stormtrooper,resistance,6,2,5,10,Chandrila
2025-07-08 16:24:04,900,tie_fighter,resistance,9,1,5,8,Muunilinst
2025-07-08 16:24:03,901,tie_silencer,resistance,4,8,8,7,Ojom
2025-07-08 16:24:02,902,tie_silencer,empire,9,7,5,4,Mirial
2025-07-08 16:24:01,903,unknown,resistance,9,2,8,9,Aleen Minor
2025-07-08 16:24:00,904,at-at,resistance,7,10,8,5,Kashyyyk
2025-07-08 16:23:59,905,unknown,empire,6,1,6,4,Muunilinst
2025-07-08 16:23:58,906,resistance_soldier,resistance,6,2,6,10,Sullust
2025-07-08 16:23:57,907,x-wing,empire,4,2,8,4,Eriadu
2025-07-08 16:23:56,908,x-wing,empire,2,10,9,3,Corellia
2025-07-08 16:23:55,909,at-at,resistance,7,1,2,7,Glee Anselm
2025-07-08 16:23:54,910,stormtrooper,empire,10,5,1,6,Skako
2025-07-08 16:23:53,911,stormtrooper,resistance,2,7,4,10,Aleen Minor
2025-07-08 16:23:52,912,tie_silencer,resistance,5,10,4,6,Dathomir
2025-07-08 16:23:51,913,at-st,resistance,4,7,4,9,Shili
2025-07-08 16:23:50,914,x-wing,resistance,8,8,5,10,Zolan
2025-07-08 16:23:49,915,tie_fighter,resistance,7,4,9,6,Cerea
2025-07-08 16:23:48,916,unknown,resistance,8,3,7,5,Sullust
2025-07-08 16:23:47,917,resistance_soldier,resistance,10,8,3,6,Mon Cala
2025-07-08 16:23:46,918,stormtrooper,resistance,10,6,8,8,Trandosha
2025-07-08 16:23:45,919,at-st,empire,3,1,4,2,Skako
2025-07-08 16:23:44,920,resistance_soldier,resistance,5,10,7,4,Dorin
2025-07-08 16:23:43,921,stormtrooper,empire,7,3,4,3,Bestine IV
2025-07-08 16:23:42,922,resistance_soldier,empire,9,5,8,9,Ojom
2025-07-08 16:23:41,923,at-st,resistance,9,7,2,8,Quermia
2025-07-08 16:23:40,924,at-at,resistance,2,4,1,4,Troiken
2025-07-08 16:23:39,925,stormtrooper,resistance,3,9,8,3,Champala
2025-07-08 16:23:38,926,tie_silencer,resistance,7,2,10,1,Vulpter
2025-07-08 16:23:37,927,tie_silencer,empire,5,10,3,8,Zolan
2025-07-08 16:23:36,928,resistance_soldier,resistance,3,9,9,4,Iridonia
2025-07-08 16:23:35,929,unknown,resistance,8,2,5,5,Trandosha
2025-07-08 16:23:34,930,resistance_soldier,resistance,3,7,5,10,Umbara
2025-07-08 16:23:33,931,stormtrooper,resistance,10,10,2,2,Alderaan
2025-07-08 16:23:32,932,tie_fighter,resistance,6,2,7,9,Toydaria
2025-07-08 16:23:31,933,stormtrooper,resistance,6,1,6,9,Iridonia
2025-07-08 16:23:30,934,stormtrooper,empire,2,7,1,3,Quermia
2025-07-08 16:23:29,935,resistance_soldier,resistance,5,5,7,8,Chandrila
2025-07-08 16:23:28,936,tie_silencer,empire,7,4,2,4,Cerea
2025-07-08 16:23:27,937,at-st,resistance,1,8,1,3,Tatooine
2025-07-08 16:23:26,938,resistance_soldier,empire,5,6,7,2,Bestine IV
2025-07-08 16:23:25,939,stormtrooper,empire,4,5,1,10,Concord Dawn
2025-07-08 16:23:24,940,at-st,resistance,8,1,4,10,Glee Anselm
2025-07-08 16:23:23,941,resistance_soldier,resistance,4,6,4,1,Iridonia
2025-07-08 16:23:22,942,at-st,empire,1,6,5,2,Toydaria
2025-07-08 16:23:21,943,stormtrooper,resistance,5,6,3,9,Ojom
2025-07-08 16:23:20,944,unknown,empire,9,5,5,5,Aleen Minor
2025-07-08 16:23:19,945,unknown,resistance,3,4,7,9,Troiken
2025-07-08 16:23:18,946,stormtrooper,empire,4,8,6,5,Bestine IV
2025-07-08 16:23:17,947,tie_fighter,resistance,8,1,3,6,Ryloth
2025-07-08 16:23:16,948,at-at,resistance,3,8,9,2,Aleen Minor
2025-07-08 16:23:15,949,x-wing,resistance,5,6,8,2,Cerea
2025-07-08 16:23:14,950,at-st,resistance,9,7,2,5,Rodia
2025-07-08 16:23:13,951,at-st,resistance,3,3,4,4,Alderaan
2025-07-08 16:23:12,952,at-at,resistance,3,4,9,6,Troiken
2025-07-08 16:23:11,953,at-at,empire,9,2,4,4,Rodia
2025-07-08 16:23:10,954,x-wing,empire,3,8,8,3,Dorin
2025-07-08 16:23:09,955,stormtrooper,empire,5,8,8,5,Naboo
2025-07-08 16:23:08,956,at-at,empire,2,9,8,10,Trandosha
2025-07-08 16:23:07,957,tie_fighter,empire,1,3,8,3,Rodia
2025-07-08 16:23:06,958,x-wing,resistance,10,6,7,1,Kashyyyk
2025-07-08 16:23:05,959,tie_fighter,empire,3,8,10,9,Cerea
2025-07-08 16:23:04,960,tie_fighter,resistance,4,2,8,2,Kashyyyk
2025-07-08 16:23:03,961,tie_silencer,empire,7,10,3,6,Serenno
2025-07-08 16:23:02,962,unknown,resistance,3,3,1,9,Dagobah
2025-07-08 16:23:01,963,tie_silencer,resistance,10,6,1,3,Zolan
2025-07-08 16:23:00,964,resistance_soldier,empire,5,8,9,2,Ryloth
2025-07-08 16:22:59,965,tie_fighter,empire,2,3,2,8,Zolan
2025-07-08 16:22:58,966,unknown,resistance,10,1,3,6,Shili
2025-07-08 16:22:57,967,stormtrooper,empire,3,4,6,4,Glee Anselm
2025-07-08 16:22:56,968,resistance_soldier,empire,8,8,1,2,Rodia
2025-07-08 16:22:55,969,at-st,resistance,7,3,10,10,Mon Cala
2025-07-08 16:22:54,970,at-at,resistance,9,1,2,6,Quermia
2025-07-08 16:22:53,971,stormtrooper,resistance,4,4,5,5,Mon Cala
2025-07-08 16:22:52,972,at-at,resistance,9,7,3,4,Mirial
2025-07-08 16:22:51,973,resistance_soldier,resistance,4,8,1,2,Bestine IV
2025-07-08 16:22:50,974,unknown,empire,7,2,10,2,Naboo
2025-07-08 16:22:49,975,resistance_soldier,empire,8,7,8,5,Troiken
2025-07-08 16:22:48,976,unknown,resistance,8,5,6,2,Rodia
2025-07-08 16:22:47,977,stormtrooper,resistance,6,3,6,1,Socorro
2025-07-08 16:22:46,978,tie_fighter,resistance,10,3,3,9,Champala
2025-07-08 16:22:45,979,x-wing,empire,3,7,6,4,Skako
2025-07-08 16:22:44,980,unknown,empire,2,1,8,7,Corellia
2025-07-08 16:22:43,981,unknown,empire,8,7,7,8,Serenno
2025-07-08 16:22:42,982,resistance_soldier,resistance,1,2,4,5,Quermia
2025-07-08 16:22:41,983,at-at,resistance,9,8,8,8,Tund
2025-07-08 16:22:40,984,tie_fighter,empire,5,6,7,4,Corellia
2025-07-08 16:22:39,985,unknown,resistance,8,8,8,10,Cerea
2025-07-08 16:22:38,986,at-st,resistance,10,7,3,6,Haruun Kal
2025-07-08 16:22:37,987,unknown,empire,5,7,1,8,Corellia
2025-07-08 16:22:36,988,unknown,empire,1,10,6,3,Serenno
2025-07-08 16:22:35,989,tie_fighter,resistance,4,1,2,5,Aleen Minor
2025-07-08 16:22:34,990,unknown,resistance,6,9,1,2,Mon Cala
2025-07-08 16:22:33,991,tie_silencer,empire,2,7,7,7,Iridonia
2025-07-08 16:22:32,992,x-wing,resistance,10,7,5,4,Mirial
2025-07-08 16:22:31,993,tie_silencer,resistance,1,4,7,9,Malastare
2025-07-08 16:22:30,994,stormtrooper,resistance,5,10,7,10,Vulpter
2025-07-08 16:22:29,995,x-wing,resistance,2,7,10,4,Chandrila
2025-07-08 16:22:28,996,resistance_soldier,resistance,1,6,4,9,Alderaan
2025-07-08 16:22:27,997,tie_silencer,resistance,9,7,2,1,Shili
2025-07-08 16:22:26,998,resistance_soldier,empire,9,2,9,8,Malastare
2025-07-08 16:22:25,999,stormtrooper,resistance,4,2,3,3,Chandrila
2025-07-08 16:22:24,1000,stormtrooper,resistance,5,1,2,3,Mon Cala
